{
  "BNBUSDT": {
    "qty": 10.259999999999998,
    "entry": 827.6998664717349,
    "in_position": true,
    "latest_price": 828.92,
    "strategy": "momentum_bnbusdt",
    "pnl": 12.518569999999576
  },
  "DOGEUSDT": {
    "qty": 36507.0,
    "entry": 0.23280068726545589,
    "in_position": true,
    "latest_price": 0.23388,
    "strategy": "momentum_dogeusdt",
    "pnl": 40.77719000000076
  },
  "LINKUSDT": {
    "qty": 276.55,
    "entry": 23.50172410052432,
    "in_position": true,
    "latest_price": 23.33,
    "strategy": "momentum_linkusdt",
    "pnl": -47.49030000000136
  },
  "ETHUSDT": {
    "qty": 1.8931999999999995,
    "entry": 4487.085317451935,
    "in_position": true,
    "latest_price": 4488.94,
    "strategy": "momentum_ethusdt",
    "pnl": 3.529103999996685
  },
  "OPUSDT": {
    "qty": 10833.670000000002,
    "entry": 0.7843515567670051,
    "in_position": true,
    "latest_price": 0.784,
    "strategy": "momentum_opusdt",
    "pnl": -3.808649999998167
  },
  "AVAXUSDT": {
    "qty": 349.40999999999997,
    "entry": 24.32284508170917,
    "in_position": true,
    "latest_price": 24.38,
    "strategy": "momentum_avaxusdt",
    "pnl": 19.970499999998516
  },
  "SOLUSDT": {
    "qty": 45.30200000000001,
    "entry": 187.59009094521215,
    "in_position": true,
    "latest_price": 188.47,
    "strategy": "momentum_solusdt",
    "pnl": 39.861640000000364
  },
  "LTCUSDT": {
    "qty": 67.364,
    "entry": 126.14986610058786,
    "in_position": true,
    "latest_price": 126.9,
    "strategy": "momentum_ltcusdt",
    "pnl": 50.53202000000085
  },
  "BTCUSDT": {
    "pnl": -24.52001610000111,
    "in_position": true,
    "strategy": "momentum_btcusdt",
    "latest_price": 119437.5,
    "entry": 119973.80831364832,
    "qty": 0.04572
  }
}