{
  "BNBUSDT": {
    "qty": 10.862999999999998,
    "entry": 827.7503875540829,
    "in_position": true,
    "latest_price": 828.61,
    "strategy": "momentum_bnbusdt",
    "pnl": 7.2859699999992324
  },
  "DOGEUSDT": {
    "qty": 38646.0,
    "entry": 0.2328499094343528,
    "in_position": true,
    "latest_price": 0.23369,
    "strategy": "momentum_dogeusdt",
    "pnl": 29.910650000001777
  },
  "LINKUSDT": {
    "qty": 276.55,
    "entry": 23.50172410052432,
    "in_position": true,
    "latest_price": 23.34,
    "strategy": "momentum_linkusdt",
    "pnl": -44.72480000000093
  },
  "ETHUSDT": {
    "qty": 2.0045999999999995,
    "entry": 4487.117809538065,
    "in_position": true,
    "latest_price": 4487.67,
    "strategy": "momentum_ethusdt",
    "pnl": 1.1258529999967826
  },
  "OPUSDT": {
    "qty": 11471.420000000002,
    "entry": 0.7844432014519562,
    "in_position": true,
    "latest_price": 0.786,
    "strategy": "momentum_opusdt",
    "pnl": 17.85869000000047
  },
  "AVAXUSDT": {
    "qty": 369.90999999999997,
    "entry": 24.326012543591688,
    "in_position": true,
    "latest_price": 24.38,
    "strategy": "momentum_avaxusdt",
    "pnl": 19.97049999999913
  },
  "SOLUSDT": {
    "qty": 47.955000000000005,
    "entry": 187.63766343446983,
    "in_position": true,
    "latest_price": 188.45,
    "strategy": "momentum_solusdt",
    "pnl": 38.9555999999985
  },
  "LTCUSDT": {
    "qty": 71.311,
    "entry": 126.1747806088822,
    "in_position": true,
    "latest_price": 126.6,
    "strategy": "momentum_ltcusdt",
    "pnl": 30.32281999999919
  },
  "BTCUSDT": {
    "pnl": -23.65956570000079,
    "in_position": true,
    "strategy": "momentum_btcusdt",
    "latest_price": 119456.32,
    "entry": 119973.80831364832,
    "qty": 0.04572
  }
}