{"detail": {"futures_wallet_usdt": 2395.99051535, "unrealized_pnl": -2.36743872}, "nav": 2393.62307663, "ts": 1760970053.182272}