{"detail": {"futures_wallet_usdt": 2395.99051535, "unrealized_pnl": -2.57990171}, "nav": 2393.41061364, "ts": 1760971289.7564695}