{
  "daily_pnl_pct": -0.1302006318198985,
  "error_timestamps": [
    1762004694.996626,
    1762084497.0915074
  ],
  "last_fill_by_symbol": {
    "LINKUSDT": 1762435501.5188203,
    "LTCUSDT": 1762435516.3789716,
    "SUIUSDT": 1762435529.765705,
    "WIFUSDT": 1762435542.9315197
  },
  "open_notional": 0.0,
  "open_positions": 0,
  "order_attempt_ts": [
    1762236237.741315,
    1762236558.1702776,
    1762250198.9469166,
    1762250210.9240756,
    1762250552.9968562,
    1762250565.1524308,
    1762250579.3842762,
    1762250590.3897622,
    1762250866.0131133,
    1762250878.196476,
    1762250889.9551895,
    1762250901.278654,
    1762250912.5532668,
    1762251192.0625916,
    1762251538.4266088,
    1762251883.890874,
    1762251895.6942904,
    1762254284.5793457,
    1762258680.1681304,
    1762258691.2060688,
    1762259701.603254,
    1762259712.939144,
    1762259724.9048307,
    1762260066.7499585,
    1762260411.372189,
    1762260758.9838252,
    1762261105.446527,
    1762261450.8122935,
    1762261795.0861373,
    1762262473.7505958,
    1762262484.991215,
    1762262499.3243556,
    1762262509.994686,
    1762262521.519699,
    1762262797.318937,
    1762267512.726296,
    1762267523.9041631,
    1762267535.0127757,
    1762267546.3180575,
    1762267823.5322652,
    1762267834.9631722,
    1762267847.7105365,
    1762268126.9587166,
    1762268140.6355503,
    1762268151.3983364,
    1762268429.980503,
    1762268442.9484339,
    1762268455.9614224,
    1762268735.8293157,
    1762269084.7333448,
    1762269429.4914412,
    1762271782.377999,
    1762271794.4135203,
    1762271804.855255,
    1762271815.5277677,
    1762272092.2500372,
    1762273432.3354194,
    1762274774.5576217,
    1762274786.6313088,
    1762274797.5042193,
    1762274808.7953758,
    1762274820.8236556,
    1762274832.6689057,
    1762275110.904849,
    1762275460.3221684,
    1762275811.6903043,
    1762276162.395572,
    1762276513.9844186,
    1762276864.0083447,
    1762324377.5651042,
    1762324709.786019,
    1762325693.5296133,
    1762325700.5277855,
    1762326034.4030066,
    1762327675.7866347,
    1762329653.9599717,
    1762329989.7165647,
    1762329996.4733872,
    1762330003.4724753,
    1762330010.4775052,
    1762330016.6221404,
    1762330023.5436926,
    1762330294.4125164,
    1762330301.448242,
    1762330638.215891,
    1762330986.0800092,
    1762331328.0890586,
    1762331668.679097,
    1762333351.356171,
    1762336339.3116317,
    1762336346.6135232,
    1762336459.748153,
    1762336795.5326765,
    1762337128.8218818,
    1762337136.26682,
    1762337470.3207078,
    1762337478.635593,
    1762337677.5004413,
    1762337685.8233476,
    1762338020.0847187,
    1762338027.5604317,
    1762338361.2591636,
    1762338368.6881552,
    1762338706.9396741,
    1762338714.99295,
    1762339051.3784745,
    1762339058.898067,
    1762340067.6885264,
    1762340075.402471,
    1762340083.4527092,
    1762340424.7635682,
    1762340770.0171516,
    1762341112.5272052,
    1762341120.432426,
    1762343787.986275,
    1762343798.0151157,
    1762343806.6134465,
    1762344149.1252017,
    1762344487.2354405,
    1762344825.7527676,
    1762346176.605773,
    1762346184.7763062,
    1762346194.105285,
    1762346538.2052832,
    1762346880.589163,
    1762347556.3803813,
    1762347900.0828724,
    1762348516.6089485,
    1762348858.2867048,
    1762349198.2493746,
    1762349538.2117975,
    1762349550.8846695,
    1762349563.415815,
    1762350174.990211,
    1762350526.6889744,
    1762350877.588575,
    1762351229.2607005,
    1762351580.747226,
    1762351935.832111,
    1762356010.6890273,
    1762356114.3329315,
    1762356128.655104,
    1762356473.9080243,
    1762356487.0686724,
    1762356849.575826,
    1762356864.2290065,
    1762357214.1532962,
    1762357227.0302608,
    1762357240.0354285,
    1762357521.780508,
    1762357873.8838954,
    1762358226.978945,
    1762358577.834561,
    1762358928.5062525,
    1762359358.26104,
    1762359372.6416464,
    1762362695.7708764,
    1762362950.382649,
    1762363300.6353602,
    1762363570.5786653,
    1762364015.1957066,
    1762364842.3855643,
    1762364995.0857399,
    1762367036.52308,
    1762368173.576047,
    1762369494.343345,
    1762370584.0906894,
    1762373321.3144746,
    1762377913.8107135,
    1762379263.038379,
    1762380361.2557967,
    1762383004.0408175,
    1762384146.095198,
    1762385765.9020863,
    1762387127.1990495,
    1762389837.5977883,
    1762390950.8229027,
    1762392332.189785,
    1762396596.1962898,
    1762401001.0019324,
    1762402094.3717678,
    1762403148.648963,
    1762406115.5098865,
    1762407778.4292006,
    1762410687.9069629,
    1762412082.6236851,
    1762413176.4814157,
    1762414308.8492749,
    1762415687.6877701,
    1762416085.065147,
    1762416099.21626,
    1762416112.7879205,
    1762416401.4531457,
    1762416757.66539,
    1762417112.5523753,
    1762420448.360857,
    1762421127.212006,
    1762421472.4510932,
    1762421818.0007415,
    1762422162.530325,
    1762423676.3810062,
    1762423692.7892401,
    1762423705.7024622,
    1762423989.6438715,
    1762424003.2291143,
    1762424355.8134964,
    1762424713.7684464,
    1762425063.7737584,
    1762425750.2006867,
    1762426332.3099911,
    1762426348.2146993,
    1762426635.4981596,
    1762426986.3276227,
    1762426999.954668,
    1762427012.9566991,
    1762427301.1977828,
    1762427313.7377374,
    1762427327.2204995,
    1762427622.4002235,
    1762428587.0170627,
    1762428935.2515461,
    1762429284.1666117,
    1762429297.6479487,
    1762429647.450932,
    1762429660.6457207,
    1762430009.9349363,
    1762430023.266823,
    1762430376.8553455,
    1762430729.340715,
    1762431082.0687964,
    1762431434.7897158,
    1762431447.6925082,
    1762431798.7490265,
    1762432160.3360057,
    1762432174.5391436,
    1762432188.5701962,
    1762432201.7479062,
    1762432487.306949,
    1762432501.5683417,
    1762433136.988793,
    1762433150.6353004,
    1762433445.7452796,
    1762433807.3450701,
    1762434171.971375,
    1762435216.3773987,
    1762435229.6837492,
    1762435242.485764,
    1762435256.1465092,
    1762435269.601258,
    1762435282.4414194,
    1762435294.6173987,
    1762435307.5730512,
    1762435492.9372342,
    1762435508.412204,
    1762435522.8582354,
    1762435536.0121706
  ],
  "portfolio_drawdown_pct": 0.0
}