{
  "daily_pnl_pct": -0.22753751153574991,
  "error_timestamps": [
    1762004694.996626,
    1762084497.0915074
  ],
  "last_fill_by_symbol": {
    "LINKUSDT": 1762357221.191666,
    "LTCUSDT": 1762358935.6274598,
    "SUIUSDT": 1762356122.2001104,
    "WIFUSDT": 1762357246.6319113
  },
  "open_notional": 1199.4304900000056,
  "open_positions": 3,
  "order_attempt_ts": [
    1762120192.77853,
    1762120198.0417173,
    1762120518.3639362,
    1762121156.1975255,
    1762123054.0471752,
    1762123057.9366877,
    1762124956.6929665,
    1762124960.5541196,
    1762125281.4747958,
    1762125601.387085,
    1762125922.3775468,
    1762126245.0107565,
    1762128151.8417876,
    1762129737.3837478,
    1762131624.2707005,
    1762131628.1678982,
    1762133195.9886193,
    1762133199.8867671,
    1762133204.561891,
    1762133208.216875,
    1762133212.5420082,
    1762133216.2007039,
    1762133220.504842,
    1762133538.8571749,
    1762133543.2707453,
    1762133548.3595636,
    1762133867.3793435,
    1762134187.591937,
    1762135460.5063417,
    1762135780.447065,
    1762140207.8974311,
    1762160079.7164226,
    1762160083.6061702,
    1762160714.9361103,
    1762160718.8555965,
    1762161664.2122946,
    1762162923.4866138,
    1762163556.4884531,
    1762163561.2031898,
    1762163879.0717387,
    1762163885.7137203,
    1762163890.057424,
    1762166102.4160788,
    1762172101.2072353,
    1762172105.226279,
    1762172422.5176122,
    1762173680.853216,
    1762174628.1783864,
    1762175890.6295738,
    1762175894.551266,
    1762175899.9061334,
    1762175904.3660648,
    1762177164.6795774,
    1762177168.6061294,
    1762178111.6446078,
    1762178744.2448945,
    1762178748.1640477,
    1762179693.1396322,
    1762180956.78143,
    1762180960.6607127,
    1762182534.5734215,
    1762182853.4955,
    1762183172.2575512,
    1762183491.5066295,
    1762183810.0929518,
    1762183814.0922973,
    1762183818.7814267,
    1762183823.981567,
    1762185728.4872873,
    1762203031.5035403,
    1762216571.303111,
    1762216575.184805,
    1762216580.6200254,
    1762216585.5905833,
    1762216589.2367268,
    1762216593.0819235,
    1762216596.68661,
    1762216600.5488582,
    1762216917.9567554,
    1762216922.3388977,
    1762216927.632671,
    1762217246.755054,
    1762217570.592929,
    1762217889.6074414,
    1762218209.9067495,
    1762218528.9965487,
    1762231435.673968,
    1762231439.5282547,
    1762231444.8821917,
    1762231449.188285,
    1762231766.587585,
    1762231771.8334663,
    1762232405.6085742,
    1762232409.4750469,
    1762232413.8961349,
    1762233360.1598759,
    1762233364.0797098,
    1762233685.8083231,
    1762234005.4417467,
    1762234009.8941796,
    1762234330.6570158,
    1762234650.7650084,
    1762236237.741315,
    1762236558.1702776,
    1762250198.9469166,
    1762250210.9240756,
    1762250552.9968562,
    1762250565.1524308,
    1762250579.3842762,
    1762250590.3897622,
    1762250866.0131133,
    1762250878.196476,
    1762250889.9551895,
    1762250901.278654,
    1762250912.5532668,
    1762251192.0625916,
    1762251538.4266088,
    1762251883.890874,
    1762251895.6942904,
    1762254284.5793457,
    1762258680.1681304,
    1762258691.2060688,
    1762259701.603254,
    1762259712.939144,
    1762259724.9048307,
    1762260066.7499585,
    1762260411.372189,
    1762260758.9838252,
    1762261105.446527,
    1762261450.8122935,
    1762261795.0861373,
    1762262473.7505958,
    1762262484.991215,
    1762262499.3243556,
    1762262509.994686,
    1762262521.519699,
    1762262797.318937,
    1762267512.726296,
    1762267523.9041631,
    1762267535.0127757,
    1762267546.3180575,
    1762267823.5322652,
    1762267834.9631722,
    1762267847.7105365,
    1762268126.9587166,
    1762268140.6355503,
    1762268151.3983364,
    1762268429.980503,
    1762268442.9484339,
    1762268455.9614224,
    1762268735.8293157,
    1762269084.7333448,
    1762269429.4914412,
    1762271782.377999,
    1762271794.4135203,
    1762271804.855255,
    1762271815.5277677,
    1762272092.2500372,
    1762273432.3354194,
    1762274774.5576217,
    1762274786.6313088,
    1762274797.5042193,
    1762274808.7953758,
    1762274820.8236556,
    1762274832.6689057,
    1762275110.904849,
    1762275460.3221684,
    1762275811.6903043,
    1762276162.395572,
    1762276513.9844186,
    1762276864.0083447,
    1762324377.5651042,
    1762324709.786019,
    1762325693.5296133,
    1762325700.5277855,
    1762326034.4030066,
    1762327675.7866347,
    1762329653.9599717,
    1762329989.7165647,
    1762329996.4733872,
    1762330003.4724753,
    1762330010.4775052,
    1762330016.6221404,
    1762330023.5436926,
    1762330294.4125164,
    1762330301.448242,
    1762330638.215891,
    1762330986.0800092,
    1762331328.0890586,
    1762331668.679097,
    1762333351.356171,
    1762336339.3116317,
    1762336346.6135232,
    1762336459.748153,
    1762336795.5326765,
    1762337128.8218818,
    1762337136.26682,
    1762337470.3207078,
    1762337478.635593,
    1762337677.5004413,
    1762337685.8233476,
    1762338020.0847187,
    1762338027.5604317,
    1762338361.2591636,
    1762338368.6881552,
    1762338706.9396741,
    1762338714.99295,
    1762339051.3784745,
    1762339058.898067,
    1762340067.6885264,
    1762340075.402471,
    1762340083.4527092,
    1762340424.7635682,
    1762340770.0171516,
    1762341112.5272052,
    1762341120.432426,
    1762343787.986275,
    1762343798.0151157,
    1762343806.6134465,
    1762344149.1252017,
    1762344487.2354405,
    1762344825.7527676,
    1762346176.605773,
    1762346184.7763062,
    1762346194.105285,
    1762346538.2052832,
    1762346880.589163,
    1762347556.3803813,
    1762347900.0828724,
    1762348516.6089485,
    1762348858.2867048,
    1762349198.2493746,
    1762349538.2117975,
    1762349550.8846695,
    1762349563.415815,
    1762350174.990211,
    1762350526.6889744,
    1762350877.588575,
    1762351229.2607005,
    1762351580.747226,
    1762351935.832111,
    1762356010.6890273,
    1762356114.3329315,
    1762356128.655104,
    1762356473.9080243,
    1762356487.0686724,
    1762356849.575826,
    1762356864.2290065,
    1762357214.1532962,
    1762357227.0302608,
    1762357240.0354285,
    1762357521.780508,
    1762357873.8838954,
    1762358226.978945,
    1762358577.834561,
    1762358928.5062525
  ],
  "portfolio_drawdown_pct": 0.0
}