{
  "daily_pnl_pct": -0.0,
  "error_timestamps": [
    1762004694.996626,
    1762084497.0915074
  ],
  "last_fill_by_symbol": {},
  "open_notional": 1156.158230000015,
  "open_positions": 4,
  "order_attempt_ts": [
    1762011676.200133,
    1762011680.8223917,
    1762012001.3569474,
    1762012320.8198762,
    1762012641.4744654,
    1762012958.6165972,
    1762012962.2261689,
    1762012966.0614476,
    1762013284.5382752,
    1762013288.8259435,
    1762013293.691867,
    1762013612.8244169,
    1762015498.629128,
    1762015503.790329,
    1762016137.0289254,
    1762017712.8474095,
    1762018031.6758661,
    1762018352.9361117,
    1762018674.1485906,
    1762021214.339368,
    1762027502.8993456,
    1762027508.1576915,
    1762027513.902572,
    1762028147.8980832,
    1762033499.792529,
    1762033504.119216,
    1762033820.7062502,
    1762033825.0497022,
    1762033829.5504751,
    1762033833.88281,
    1762033838.337966,
    1762034155.7926672,
    1762048316.0415812,
    1762048319.9269924,
    1762048639.4442956,
    1762048958.3473077,
    1762049278.2900605,
    1762050225.6902452,
    1762050544.9712083,
    1762050548.8265908,
    1762050553.488656,
    1762050558.8033173,
    1762050564.5849285,
    1762050884.3428009,
    1762050888.1818824,
    1762051205.694558,
    1762051211.1296651,
    1762051216.6502476,
    1762051535.6608498,
    1762051854.3514414,
    1762052172.9308193,
    1762052490.6120422,
    1762052495.2344568,
    1762052500.22809,
    1762052504.5654976,
    1762052825.7775571,
    1762057561.1385584,
    1762057565.0067718,
    1762057882.062227,
    1762058831.4216955,
    1762058836.1913576,
    1762058841.5159793,
    1762061050.8709755,
    1762061056.0477421,
    1762061374.276272,
    1762063259.5603905,
    1762063266.0044248,
    1762066097.1928566,
    1762066101.755343,
    1762066107.0784965,
    1762068315.5957274,
    1762068637.3655329,
    1762068957.3926418,
    1762069278.0037775,
    1762069597.802907,
    1762072130.4740267,
    1762076215.2837312,
    1762076219.9497623,
    1762076537.515745,
    1762076541.1961493,
    1762076545.1032758,
    1762076862.1344793,
    1762077810.0844314,
    1762077814.0108285,
    1762077818.5093336,
    1762077822.9466097,
    1762079402.658191,
    1762080037.1112976,
    1762080041.0151458,
    1762080361.1262887,
    1762080680.7877197,
    1762081000.7558832,
    1762082577.477534,
    1762082895.1839154,
    1762082899.8326058,
    1762083840.5247705,
    1762083844.358847,
    1762083848.7887247,
    1762083852.3837488,
    1762083856.2181706,
    1762084173.4378202,
    1762084177.8410006,
    1762084495.8213985,
    1762084500.4835176,
    1762084505.0545833,
    1762084824.3507946,
    1762085143.066523,
    1762087031.1801393,
    1762087035.0497406,
    1762087353.0661647,
    1762089236.7035544,
    1762089554.9658296,
    1762089873.7382152,
    1762089877.683536,
    1762089882.1476777,
    1762089886.6196814,
    1762089890.3051937,
    1762089894.196289,
    1762090211.634928,
    1762090216.1009738,
    1762090536.248725,
    1762115756.6447256,
    1762115760.5252943,
    1762117327.0714254,
    1762117644.453526,
    1762117961.8988092,
    1762118279.7946508,
    1762118908.6826413,
    1762118912.6045737,
    1762119229.7286026,
    1762119549.227136,
    1762119553.104877,
    1762119557.563017,
    1762120188.888298,
    1762120192.77853,
    1762120198.0417173,
    1762120518.3639362,
    1762121156.1975255,
    1762123054.0471752,
    1762123057.9366877,
    1762124956.6929665,
    1762124960.5541196,
    1762125281.4747958,
    1762125601.387085,
    1762125922.3775468,
    1762126245.0107565,
    1762128151.8417876,
    1762129737.3837478,
    1762131624.2707005,
    1762131628.1678982,
    1762133195.9886193,
    1762133199.8867671,
    1762133204.561891,
    1762133208.216875,
    1762133212.5420082,
    1762133216.2007039,
    1762133220.504842,
    1762133538.8571749,
    1762133543.2707453,
    1762133548.3595636,
    1762133867.3793435,
    1762134187.591937,
    1762135460.5063417,
    1762135780.447065,
    1762140207.8974311,
    1762160079.7164226,
    1762160083.6061702,
    1762160714.9361103,
    1762160718.8555965,
    1762161664.2122946,
    1762162923.4866138,
    1762163556.4884531,
    1762163561.2031898,
    1762163879.0717387,
    1762163885.7137203,
    1762163890.057424,
    1762166102.4160788,
    1762172101.2072353,
    1762172105.226279,
    1762172422.5176122,
    1762173680.853216,
    1762174628.1783864,
    1762175890.6295738,
    1762175894.551266,
    1762175899.9061334,
    1762175904.3660648,
    1762177164.6795774,
    1762177168.6061294,
    1762178111.6446078,
    1762178744.2448945,
    1762178748.1640477,
    1762179693.1396322,
    1762180956.78143,
    1762180960.6607127,
    1762182534.5734215,
    1762182853.4955,
    1762183172.2575512,
    1762183491.5066295,
    1762183810.0929518,
    1762183814.0922973,
    1762183818.7814267,
    1762183823.981567,
    1762185728.4872873,
    1762203031.5035403,
    1762216571.303111,
    1762216575.184805,
    1762216580.6200254,
    1762216585.5905833,
    1762216589.2367268,
    1762216593.0819235,
    1762216596.68661,
    1762216600.5488582,
    1762216917.9567554,
    1762216922.3388977,
    1762216927.632671,
    1762217246.755054,
    1762217570.592929,
    1762217889.6074414,
    1762218209.9067495,
    1762218528.9965487,
    1762231435.673968,
    1762231439.5282547,
    1762231444.8821917,
    1762231449.188285,
    1762231766.587585,
    1762231771.8334663,
    1762232405.6085742,
    1762232409.4750469,
    1762232413.8961349,
    1762233360.1598759,
    1762233364.0797098,
    1762233685.8083231,
    1762234005.4417467,
    1762234009.8941796,
    1762234330.6570158,
    1762234650.7650084,
    1762236237.741315,
    1762236558.1702776,
    1762250198.9469166,
    1762250210.9240756,
    1762250552.9968562,
    1762250565.1524308,
    1762250579.3842762,
    1762250590.3897622,
    1762250866.0131133,
    1762250878.196476,
    1762250889.9551895,
    1762250901.278654,
    1762250912.5532668,
    1762251192.0625916,
    1762251538.4266088,
    1762251883.890874,
    1762251895.6942904,
    1762254284.5793457,
    1762258680.1681304,
    1762258691.2060688
  ],
  "portfolio_drawdown_pct": 0.0
}