DurationDays,Label,Total Return,CAGR,Sharpe,MaxDrawdown,Volatility
1284,momentum,3.3619369411960216,0.5199885730031915,1.6349786301982832,-0.5491832580339862,1.260876444741669
1252,relative_value,4.028447559419238,0.6013693789540508,3.7023751703613086,-0.6926176747780738,3.932573310078897
1281,volatility_target,-0.4166812609224364,-0.14237245174197044,0.5829789752616129,-0.9878539082887071,1.5551092526227634
