{
  "treasury_usdt": 5968.1669999999995,
  "breakdown": {
    "treasury": {
      "BTC": {
        "qty": 0.035,
        "px": 103466.4,
        "val_usdt": 3621.324
      },
      "XAUT": {
        "qty": 0.59,
        "px": 3977.7,
        "val_usdt": 2346.843
      }
    },
    "total_treasury_usdt": 5968.1669999999995
  },
  "ts": "2025-11-05T16:08:48.496876+00:00"
}