{
  "nav_usdt": 8572.76509194,
  "breakdown": {
    "source": "exchange+treasury",
    "futures_wallet_usdt": 2399.67377935,
    "unrealized_pnl": 2.13381259,
    "balances_ok": true,
    "positions_ok": true,
    "sources_ok": true,
    "treasury": {
      "BTC": {
        "qty": 0.035,
        "px": 109126.4,
        "val_usdt": 3819.424
      },
      "XAUT": {
        "qty": 0.59,
        "px": 3985.65,
        "val_usdt": 2351.5335
      }
    },
    "treasury_total_usdt": 6170.9575
  },
  "ts": "2025-10-31T16:53:33.058277+00:00"
}