{
  "treasury_usdt": 6170.5830000000005,
  "breakdown": {
    "treasury": {
      "BTC": {
        "qty": 0.035,
        "px": 109115.7,
        "val_usdt": 3819.0495
      },
      "XAUT": {
        "qty": 0.59,
        "px": 3985.65,
        "val_usdt": 2351.5335
      }
    },
    "total_treasury_usdt": 6170.5830000000005
  },
  "ts": "2025-10-31T16:53:33.298534+00:00"
}