{
  "nav_usdt": 8370.03389871,
  "breakdown": {
    "source": "exchange+treasury",
    "futures_wallet_usdt": 2404.65387779,
    "unrealized_pnl": -2.87097908,
    "balances_ok": true,
    "positions_ok": true,
    "sources_ok": true,
    "treasury": {
      "BTC": {
        "qty": 0.035,
        "px": 103468.8,
        "val_usdt": 3621.4080000000004
      },
      "XAUT": {
        "qty": 0.59,
        "px": 3977.7,
        "val_usdt": 2346.843
      }
    },
    "treasury_total_usdt": 5968.251
  },
  "ts": "2025-11-05T16:08:48.257040+00:00"
}