{
  "nav_usdt": 16394.49584145,
  "breakdown": {
    "source": "exchange+treasury+reserves",
    "futures_wallet_usdt": 2417.86693263,
    "unrealized_pnl": 0.46235882,
    "balances_ok": true,
    "positions_ok": true,
    "sources_ok": true,
    "treasury": {
      "BTC": {
        "qty": 0.035,
        "px": 103392.2,
        "val_usdt": 3618.7270000000003
      },
      "XAUT": {
        "qty": 0.59,
        "px": 4014.44,
        "val_usdt": 2368.5196
      }
    },
    "treasury_total_usdt": 5987.2466,
    "reserves": {
      "BTC": {
        "amount": 0.035,
        "price_usd": 103440.01,
        "value_usd": 3620.4003500000003
      },
      "XAUT": {
        "amount": 0.59,
        "price_usd": 4014.44,
        "value_usd": 2368.5196
      },
      "USDC": {
        "amount": 2000.0,
        "price_usd": 1.0,
        "value_usd": 2000.0
      }
    },
    "reserves_total_usd": 7988.91995
  },
  "ts": "2025-11-06T13:25:35.765687+00:00"
}