{
  "treasury_usdt": 5986.496500000001,
  "breakdown": {
    "treasury": {
      "BTC": {
        "qty": 0.035,
        "px": 104603.7,
        "val_usdt": 3661.1295000000005
      },
      "XAUT": {
        "qty": 0.59,
        "px": 3941.3,
        "val_usdt": 2325.367
      }
    },
    "total_treasury_usdt": 5986.496500000001
  },
  "ts": "2025-11-04T14:55:51.387952+00:00"
}