{
  "treasury_usdt": 5990.3061,
  "breakdown": {
    "treasury": {
      "BTC": {
        "qty": 0.035,
        "px": 103900.2,
        "val_usdt": 3636.507
      },
      "XAUT": {
        "qty": 0.59,
        "px": 3989.49,
        "val_usdt": 2353.7990999999997
      }
    },
    "total_treasury_usdt": 5990.3061
  },
  "ts": "2025-11-04T12:35:01.599205+00:00"
}