{
  "captured_ts": "2026-04-12T07:11:13.531317+00:00",
  "stats": {
    "count": 8,
    "mean": 0.47726253551078834,
    "std": 0.056121795778242695,
    "min": 0.447185473278107,
    "p25": 0.447185473278107,
    "p50": 0.447185473278107,
    "p75": 0.554522993847299,
    "max": 0.5804644505703658,
    "zero_count": 0,
    "zero_rate": 0.0
  },
  "per_symbol": {
    "SOLUSDT": {
      "hybrid_score": 0.5804644505703658
    },
    "ETHUSDT": {
      "hybrid_score": 0.554522993847299
    },
    "BTCUSDT": {
      "hybrid_score": 0.447185473278107
    },
    "DOGEUSDT": {
      "hybrid_score": 0.447185473278107
    },
    "LINKUSDT": {
      "hybrid_score": 0.447185473278107
    },
    "LTCUSDT": {
      "hybrid_score": 0.447185473278107
    },
    "SUIUSDT": {
      "hybrid_score": 0.447185473278107
    },
    "WIFUSDT": {
      "hybrid_score": 0.447185473278107
    }
  }
}